{"stat.walkOneCm":4326,"stat.leaveGame":4,"stat.pickup.minecraft.stone_pickaxe":3,"stat.pickup.minecraft.stone_axe":3,"stat.jump":29,"stat.swimOneCm":8635,"stat.fallOneCm":4681,"stat.entityKilledBy.Skeleton":1,"stat.useItem.minecraft.stone_axe":49,"stat.sprintOneCm":35211,"achievement.exploreAllBiomes":{"value":0,"progress":["Sunflower Plains","Beach","Desert M","River","Plains","Savanna M"]},"stat.killEntity.Skeleton":1,"stat.pickup.minecraft.stone_shovel":3,"stat.damageTaken":715,"stat.pickup.minecraft.stone_sword":3,"stat.mobKills":3,"stat.flyOneCm":46783,"stat.deaths":3,"stat.playOneMinute":21513,"stat.useItem.minecraft.stone_sword":1,"stat.damageDealt":635,"stat.killEntity.Zombie":2,"stat.timeSinceDeath":12771,"stat.mineBlock.minecraft.tallgrass":1,"stat.diveOneCm":12982}