{"stat.pickup.minecraft.bone":2,"stat.leaveGame":90,"stat.pickup.minecraft.gravel":3,"stat.pickup.minecraft.arrow":2,"stat.pickup.minecraft.stone_pickaxe":5,"stat.pickup.minecraft.stone_axe":5,"stat.pickup.minecraft.flint":1,"stat.jump":849,"stat.swimOneCm":21706,"stat.pickup.minecraft.coal":11,"stat.fallOneCm":86790,"stat.pickup.minecraft.porkchop":20,"stat.crouchOneCm":3662,"stat.pickup.minecraft.spider_eye":9,"stat.pickup.minecraft.dirt":67,"stat.useItem.minecraft.dirt":5,"achievement.exploreAllBiomes":{"value":0,"progress":["Sunflower Plains","Savanna Plateau","Beach","River","Ocean","Plains","Savanna M","Savanna"]},"stat.pickup.minecraft.iron_ore":11,"stat.pickup.minecraft.rotten_flesh":17,"stat.pickup.minecraft.sand":44,"stat.pickup.minecraft.stone_shovel":5,"stat.entityKilledBy.Spider":4,"stat.mineBlock.minecraft.leaves2":4,"stat.damageTaken":5173,"stat.pickup.minecraft.leather":110,"stat.mineBlock.minecraft.red_flower":2,"stat.pickup.minecraft.cobblestone":236,"stat.flyOneCm":398868,"stat.pickup.minecraft.wheat_seeds":53,"stat.mineBlock.minecraft.sand":9,"stat.killEntity.Witch":1,"stat.entityKilledBy.Zombie":4,"stat.mineBlock.minecraft.gravel":4,"stat.useItem.minecraft.stone_sword":295,"stat.damageDealt":7586,"stat.pickup.minecraft.redstone":68,"stat.mineBlock.minecraft.iron_ore":11,"stat.timeSinceDeath":15857,"stat.killEntity.Cow":22,"stat.mineBlock.minecraft.dirt":54,"stat.killEntity.Pig":2,"stat.pickup.minecraft.mutton":25,"stat.pickup.minecraft.double_plant":29,"stat.walkOneCm":116590,"stat.mineBlock.minecraft.double_plant":41,"stat.mineBlock.minecraft.coal_ore":11,"stat.pickup.minecraft.string":25,"stat.pickup.minecraft.log":5,"stat.pickup.minecraft.beef":75,"stat.entityKilledBy.Skeleton":1,"stat.pickup.minecraft.stone":28,"achievement.mineWood":0,"stat.sprintOneCm":301009,"stat.entityKilledBy.Enderman":4,"stat.killEntity.Horse":4,"achievement.openInventory":0,"stat.mineBlock.minecraft.diamond_ore":38,"stat.killEntity.Spider":8,"stat.pickup.minecraft.stone_sword":5,"stat.useItem.minecraft.diamond_pickaxe":343,"stat.mobKills":47,"stat.mineBlock.minecraft.log":3,"stat.entityKilledBy.Creeper":3,"stat.deaths":29,"stat.pickup.minecraft.diamond":38,"stat.playOneMinute":223610,"stat.killEntity.Sheep":4,"stat.mineBlock.minecraft.redstone_ore":14,"stat.sneakTime":1198,"stat.pickup.minecraft.wool":20,"stat.killEntity.Zombie":5,"stat.breakItem.minecraft.stone_sword":1,"stat.mineBlock.minecraft.stone":264,"stat.mineBlock.minecraft.tallgrass":473,"stat.diveOneCm":380654}