{"stat.walkOneCm":4769,"stat.leaveGame":2,"stat.damageTaken":145,"stat.killEntity.Spider":1,"stat.pickup.minecraft.leather":1,"stat.mobKills":2,"stat.pickup.minecraft.string":2,"stat.flyOneCm":11579,"stat.pickup.minecraft.wheat_seeds":1,"stat.jump":4,"stat.swimOneCm":1418,"stat.playOneMinute":2116,"stat.fallOneCm":2508,"stat.pickup.minecraft.beef":1,"stat.useItem.minecraft.stone_sword":12,"stat.sneakTime":2,"stat.damageDealt":343,"stat.timeSinceDeath":2116,"stat.killEntity.Cow":1,"stat.sprintOneCm":16196,"achievement.exploreAllBiomes":{"value":0,"progress":["Beach","River","Ocean","Plains"]},"stat.mineBlock.minecraft.tallgrass":3,"stat.diveOneCm":2486}